id,title,year,brightness,dark_share,saturation,red_share,palette,palette_share,band_red,band_warm,band_green,band_blue,band_purple,band_dark
2969,A Daughter Of Destiny,1928,30.605,0.45175,0.54775,0.0797,"[""#04020f"", ""#16193a"", ""#485169"", ""#951010"", ""#cdc2cb""]","[0.363, 0.258, 0.184, 0.114, 0.082]",0.08695,0.0,0.0,0.2405,0.07455,0.59795
14594,The Thin Man Goes Home,1944,75.41,0.0294,0.3056,0.0311,"[""#e9e6e1"", ""#0c6fbb"", ""#398ea9"", ""#ab6a4d"", ""#2c2324""]","[0.342, 0.338, 0.132, 0.122, 0.066]",0.0522,0.0989,0.011,0.2478,0.0005,0.5896
19131,Scotland Yard Hunts Dr. Mabuse,1963,20.56,0.6182,0.4107,0.3177,"[""#110c0e"", ""#bc4c34"", ""#892e29"", ""#4b211d"", ""#b7b062""]","[0.398, 0.208, 0.166, 0.146, 0.082]",0.2745,0.1435,0.0,0.0,0.0003,0.5817
19169,Nightmare Alley,1947,18.98,0.6309,0.4778,0.2196,"[""#110c0b"", ""#603929"", ""#bd4e36"", ""#c5893d"", ""#3a494e""]","[0.544, 0.177, 0.127, 0.108, 0.044]",0.1876,0.1802,0.0002,0.0428,0.0,0.5893
19971,The Little Girl Who Lives Down the Lane,1976,46.61,0.382,0.3035,0.0,"[""#82d6fc"", ""#040506"", ""#6da0b6"", ""#445f6b"", ""#bbd4dd""]","[0.552, 0.264, 0.092, 0.059, 0.032]",0.0,0.0,0.0,0.5602,0.0,0.4398
20043,Royal Space Force - The Wings of Honneamise,1987,70.28,0.0009,0.1531,0.022,"[""#645751"", ""#f1efeb"", ""#c0a67e"", ""#aea49d"", ""#9a4a37""]","[0.284, 0.245, 0.212, 0.202, 0.058]",0.0356,0.3278,0.0,0.0305,0.0183,0.5878
24008,Monkey Business,1952,60.87,0.1005,0.3118,0.0637,"[""#b28a52"", ""#423223"", ""#dcd5c2"", ""#bc92b5"", ""#ad5163""]","[0.312, 0.228, 0.207, 0.16, 0.092]",0.0773,0.344,0.0248,0.0,0.1824,0.3715
25004,Black Ice,2007,67.25,0.1259,0.2155,0.0,"[""#d7e6eb"", ""#9ab4bb"", ""#16414f"", ""#567f88"", ""#08131b""]","[0.324, 0.22, 0.187, 0.135, 0.134]",0.0,0.0,0.0007,0.3181,0.0,0.6812
27509,The Penalty,1920,31.43,0.5018,0.4788,0.034,"[""#130d0c"", ""#095c93"", ""#d6b89e"", ""#a2613a"", ""#d5cf6a""]","[0.452, 0.273, 0.128, 0.089, 0.058]",0.0737,0.2065,0.0187,0.1732,0.0,0.5279
28910,Mark of the Vampire,1935,25.925,0.5807,0.424,0.04285,"[""#0b090f"", ""#72433c"", ""#244a6b"", ""#daa86b"", ""#c9c9c5""]","[0.585, 0.141, 0.12, 0.098, 0.056]",0.049,0.16795,0.00115,0.0893,0.0461,0.64645
29297,Destination Inner Space,1966,72.42,0.0051,0.2078,0.005,"[""#daded6"", ""#6f75a0"", ""#b1be80"", ""#533396"", ""#787159""]","[0.354, 0.225, 0.151, 0.142, 0.127]",0.0158,0.0791,0.1358,0.1973,0.0556,0.5164
31948,Gray Lady Down,1978,39.52,0.3083,0.3846,0.0004,"[""#121921"", ""#2b4b57"", ""#4b8796"", ""#acbcb6"", ""#b18b66""]","[0.333, 0.272, 0.236, 0.12, 0.04]",0.0004,0.0618,0.0048,0.4993,0.0001,0.4334
32849,Abandoned,1949,57.04,0.2277,0.3175,0.0484,"[""#e8df31"", ""#1b1815"", ""#7c7a68"", ""#e6e3d5"", ""#923218""]","[0.388, 0.214, 0.155, 0.146, 0.096]",0.0433,0.3605,0.0239,0.0236,0.0,0.5488
33546,The Time of Their Lives,1946,42.36,0.0927,0.3887,0.0124,"[""#3e7cb3"", ""#2f3d56"", ""#43333a"", ""#927161"", ""#e9c2a4""]","[0.29, 0.288, 0.182, 0.13, 0.109]",0.0803,0.19,0.0,0.4655,0.0904,0.1738
34734,Stir of Echoes: The Homecoming,2007,41.33,0.38645,0.4689,0.10725,"[""#31211a"", ""#714025"", ""#e3c14d"", ""#b5782e"", ""#e6e7da""]","[0.418, 0.21, 0.157, 0.149, 0.065]",0.06535,0.55145,0.00115,0.0,0.0,0.38205
36778,Spellbinder,1988,8.19,0.8721,0.3446,0.0174,"[""#030207"", ""#1a1329"", ""#5b3340"", ""#b77f80"", ""#f3c8a2""]","[0.754, 0.116, 0.075, 0.032, 0.024]",0.0491,0.0228,0.0,0.0066,0.0448,0.8767
38456,Charlie Chan's Murder Cruise,1940,46.45,0.3272,0.3385,0.0085,"[""#1a1512"", ""#dcd5aa"", ""#eb711a"", ""#73857b"", ""#794a1f""]","[0.375, 0.214, 0.166, 0.159, 0.085]",0.0082,0.2752,0.0771,0.0815,0.0043,0.5538
40091,Sex Madness,1938,30.03,0.5953,0.209,0.0716,"[""#0b0809"", ""#da190a"", ""#7b4f3c"", ""#e6e471"", ""#e0dfdd""]","[0.525, 0.129, 0.125, 0.121, 0.1]",0.0741,0.118,0.0,0.007,0.0006,0.8003
40252,Witchboard III: The Possession,1997,20.03,0.6138,0.3907,0.3465,"[""#110e0f"", ""#d4392f"", ""#8d3231"", ""#4c282a"", ""#eb9047""]","[0.374, 0.195, 0.194, 0.146, 0.092]",0.3186,0.0726,0.0001,0.0203,0.0006,0.5879
44169,The Falcon in Danger,1943,27.54,0.395,0.7226,0.0218,"[""#0b070c"", ""#1f4b42"", ""#876230"", ""#dfcc40"", ""#e88021""]","[0.428, 0.307, 0.112, 0.085, 0.068]",0.0189,0.2506,0.2368,0.1272,0.0072,0.3592
47062,Miraculous Virgin,1967,40.38,0.01,0.0441,0.0008,"[""#474545"", ""#8e8d8f"", ""#a97d38"", ""#ded5d3"", ""#14092e""]","[0.621, 0.25, 0.051, 0.05, 0.028]",0.0038,0.0229,0.0,0.0009,0.0006,0.9717
47286,Cool Air,1999,41.81,0.2659,0.398,0.0009,"[""#1c2537"", ""#27526c"", ""#6c92a1"", ""#cfc8b3"", ""#635b48""]","[0.337, 0.33, 0.148, 0.124, 0.06]",0.0037,0.1715,0.0136,0.5218,0.0006,0.2888
51565,The Dragon Murder Case,1934,48.55,0.2566,0.5356,0.3448,"[""#fb4a26"", ""#140e16"", ""#d69270"", ""#753729"", ""#f1cbe4""]","[0.327, 0.265, 0.159, 0.146, 0.104]",0.3951,0.1393,0.0173,0.01,0.0949,0.3434
52204,The Brain Eaters,1958,39.07,0.2494,0.6226,0.1972,"[""#614123"", ""#2c0f0a"", ""#caa479"", ""#bc5629"", ""#f0ed37""]","[0.411, 0.3, 0.119, 0.109, 0.061]",0.13885,0.58955,5e-05,0.0,0.00095,0.2706
54539,The Inhuman Woman,1924,41.72,0.3947,0.274,0.0732,"[""#0c0909"", ""#ddc6a8"", ""#9a8c76"", ""#df2924"", ""#a13b2f""]","[0.394, 0.27, 0.198, 0.078, 0.059]",0.0703,0.493,0.0001,0.0,0.0,0.4366
56429,Up from the Depths,1979,27.67,0.4408,0.6176,0.089,"[""#0f1b22"", ""#155347"", ""#c82217"", ""#7c5e4d"", ""#e8e8e6""]","[0.473, 0.345, 0.116, 0.047, 0.019]",0.0909,0.039,0.184,0.1963,0.0003,0.4895
58421,Ignition,2002,45.03,0.3009,0.5951,0.1696,"[""#eca63c"", ""#1b1316"", ""#cc4009"", ""#692610"", ""#daceba""]","[0.273, 0.268, 0.224, 0.156, 0.079]",0.1407,0.4416,0.0017,0.0265,0.0072,0.3822
60523,Chicago Calling,1951,41.18,0.25,0.7658,0.4882,"[""#e41610"", ""#151a1e"", ""#b7936b"", ""#e2b31a"", ""#83291d""]","[0.468, 0.255, 0.104, 0.093, 0.08]",0.4694,0.2507,0.0069,0.0356,0.0004,0.2371
64568,Taste of Fear,1961,14.78,0.7762,0.3581,0.0118,"[""#060405"", ""#eadc1c"", ""#4c4b3b"", ""#968c2c"", ""#d36b10""]","[0.637, 0.144, 0.099, 0.068, 0.052]",0.0073,0.1918,0.0075,0.0179,0.0071,0.7685
67430,Zoo zéro,1979,37.23,0.2883,0.5536,0.2097,"[""#302d5d"", ""#2f1c1b"", ""#c82a36"", ""#5c8eb2"", ""#95aa87""]","[0.288, 0.265, 0.216, 0.124, 0.106]",0.1799,0.0456,0.0841,0.3285,0.0722,0.2898
69351,Beauty and the Beast,2005,26.66,0.5089,0.6705,0.0038,"[""#160b04"", ""#3a230f"", ""#68461f"", ""#a67a3e"", ""#e1bd89""]","[0.353, 0.256, 0.209, 0.13, 0.053]",0.0015,0.5494,0.0,0.0,0.0,0.4491
74707,Mystery House,1938,52.74,0.2754,0.395,0.0,"[""#0e0d0f"", ""#dbc147"", ""#c7b865"", ""#686240"", ""#e7e6da""]","[0.286, 0.264, 0.237, 0.134, 0.078]",0.0001,0.5335,0.0048,0.0087,0.0,0.4529
75506,World Without End,1956,39.53,0.3568,0.5554,0.0977,"[""#221828"", ""#d89a6c"", ""#3e6a43"", ""#6d3127"", ""#b6b43c""]","[0.341, 0.243, 0.164, 0.14, 0.112]",0.0909,0.3465,0.1317,0.0532,0.0531,0.3247
77067,DeadHeads,2011,44.93,0.31,0.4371,0.0226,"[""#f09a22"", ""#100c0e"", ""#5a4235"", ""#bebcba"", ""#9e6b3c""]","[0.383, 0.244, 0.143, 0.13, 0.1]",0.0332,0.4625,0.0001,0.0345,0.0,0.4698
80342,Lady Dragon 2,1993,41.22,0.2026,0.7694,0.6987,"[""#f11c1c"", ""#923128"", ""#271314"", ""#cba24a"", ""#2f1752""]","[0.527, 0.198, 0.132, 0.083, 0.06]",0.6833,0.1162,0.0003,0.0035,0.0279,0.1688
81829,Bulldog Drummond,1929,24.0,0.4598,0.6451,0.0088,"[""#0f0b1d"", ""#112e61"", ""#604e41"", ""#a78d54"", ""#d6c428""]","[0.426, 0.308, 0.113, 0.097, 0.056]",0.0339,0.2152,0.0237,0.2639,0.0191,0.4442
84770,The Large Rope,1953,44.11,0.1296,0.4959,0.2386,"[""#463232"", ""#1d4b95"", ""#eb5d2f"", ""#903d2d"", ""#d2b8a9""]","[0.255, 0.244, 0.231, 0.156, 0.114]",0.2866,0.2326,0.0,0.1944,0.0285,0.258
93394,Elevator,2013,24.575,0.5512,0.1033,0.00255,"[""#0e0d0d"", ""#52504d"", ""#6a6d79"", ""#e4e2de"", ""#8f908c""]","[0.57, 0.227, 0.091, 0.062, 0.05]",0.0054,0.0329,0.0,0.0404,0.00035,0.921
94716,A Cottage on Dartmoor,1929,58.1,0.1474,0.0,0.0,"[""#b1b1b1"", ""#d7d7d7"", ""#848484"", ""#1e1e1e"", ""#535353""]","[0.27, 0.251, 0.222, 0.157, 0.1]",0.0,0.0,0.0,0.0,0.0,1.0
136686,Doraemon: Nobita and the Green Giant Legend,2008,55.71,0.1073,0.433,0.054,"[""#1f3a33"", ""#ddc49f"", ""#508a50"", ""#6b8ab7"", ""#bc5236""]","[0.327, 0.232, 0.177, 0.142, 0.123]",0.0663,0.1999,0.265,0.1874,0.0268,0.2545
138999,Little Corey Gorey,1993,34.34,0.2452,0.4117,0.1417,"[""#311e19"", ""#514435"", ""#8c523c"", ""#918270"", ""#e87037""]","[0.305, 0.28, 0.177, 0.136, 0.103]",0.1704,0.5838,0.0302,0.0041,0.0001,0.2114
140418,Bulldog Drummond at Bay,1937,30.47,0.5066,0.0114,0.0,"[""#0e0e0e"", ""#858585"", ""#b9babc"", ""#2b2b2b"", ""#585859""]","[0.402, 0.189, 0.146, 0.144, 0.119]",0.0,0.0,0.0,0.0,0.0,1.0
160399,Megazone 23 III - Part 1 - The Awakening of Eve,1989,56.61,0.0136,0.5247,0.0,"[""#164e56"", ""#4d92b2"", ""#398b85"", ""#c8d6c2"", ""#3867a5""]","[0.364, 0.191, 0.184, 0.145, 0.115]",0.0007,0.0446,0.1267,0.6519,0.0132,0.163
173095,The Brides Wore Blood,1972,45.21,0.3262,0.4291,0.0786,"[""#0a0816"", ""#e6cbd1"", ""#a47280"", ""#324f8a"", ""#9f1e1f""]","[0.464, 0.19, 0.14, 0.117, 0.09]",0.1975,0.0004,0.0,0.1095,0.1096,0.583
201989,Bottles,1936,14.97,0.7177,0.4603,0.0064,"[""#07090e"", ""#232f33"", ""#523a2d"", ""#9592af"", ""#1a1f46""]","[0.606, 0.204, 0.078, 0.057, 0.055]",0.0127,0.0651,0.0563,0.1891,0.0066,0.6702
213215,The Returning,1983,18.645,0.69835,0.4499,0.0341,"[""#121e1d"", ""#224a51"", ""#7f5c4c"", ""#be5d40"", ""#edcf77""]","[0.673, 0.214, 0.055, 0.041, 0.017]",0.04185,0.06315,0.04105,0.23595,5e-05,0.61795
214905,Below the Deadline,1936,51.63,0.2159,0.4463,0.1687,"[""#3a2325"", ""#c8b191"", ""#c95336"", ""#eccf43"", ""#375985""]","[0.355, 0.268, 0.144, 0.142, 0.09]",0.1767,0.4368,0.0204,0.0781,0.0292,0.2588
224473,The Sweet Sound of Death,1965,73.6,0.0308,0.2112,0.0351,"[""#b8a97e"", ""#ebe8dd"", ""#906a59"", ""#2e1e1a"", ""#e0c945""]","[0.333, 0.288, 0.24, 0.089, 0.05]",0.1116,0.3762,0.0217,0.0,0.0003,0.4902
249294,Celia: The Sinister Affair of Poor Aunt Nora,1949,24.79,0.5883,0.1021,0.0382,"[""#1b1b1c"", ""#484947"", ""#6d6d6b"", ""#7f2931"", ""#b2aaa9""]","[0.616, 0.117, 0.108, 0.084, 0.075]",0.0436,0.0,0.0006,0.0007,0.0001,0.955
267338,"Love, Honor and Oh-Baby!",1940,51.01,0.1387,0.624,0.4283,"[""#f54126"", ""#493029"", ""#e3cd37"", ""#bd9f73"", ""#a84d30""]","[0.339, 0.209, 0.184, 0.139, 0.128]",0.5171,0.4013,0.0184,0.0265,0.0027,0.0339
280002,The Remaining,2014,50.48,0.2263,0.5874,0.0,"[""#0e1f32"", ""#3387b8"", ""#1c4e7a"", ""#62bce0"", ""#bae2f1""]","[0.268, 0.237, 0.213, 0.162, 0.121]",0.0,0.0,0.0,0.7449,0.0,0.2551
294307,The Last Hit,1993,15.74,0.66,0.4517,0.1046,"[""#0f0a06"", ""#4c2512"", ""#c85620"", ""#883a1a"", ""#82706c""]","[0.456, 0.238, 0.132, 0.127, 0.047]",0.0869,0.252,0.0032,0.0007,0.0132,0.644
299460,The Mother  Tree,1958,53.68,0.1012,0.285,0.1204,"[""#3b303f"", ""#747773"", ""#ee3f43"", ""#cec7c2"", ""#acb16d""]","[0.28, 0.245, 0.204, 0.19, 0.081]",0.1945,0.1038,0.0815,0.1539,0.0674,0.3989
324153,The Shadow Laughs,1933,36.83,0.4562,0.5622,0.0229,"[""#102063"", ""#18161a"", ""#fae967"", ""#d37131"", ""#8a766d""]","[0.312, 0.28, 0.152, 0.14, 0.115]",0.0429,0.3612,0.0027,0.165,0.0094,0.4188
324621,The Return,1980,39.97,0.3111,0.3173,0.2371,"[""#a42a21"", ""#1a1b1e"", ""#93a7ad"", ""#64221e"", ""#9d8a56""]","[0.282, 0.239, 0.239, 0.148, 0.091]",0.2261,0.0744,0.0261,0.1604,0.0021,0.5109
325622,The Hound of the Baskervilles,1921,29.47,0.5077,0.2619,0.0,"[""#0e0f13"", ""#8a826a"", ""#4b4c4a"", ""#8da8bb"", ""#c6c192""]","[0.552, 0.145, 0.142, 0.108, 0.053]",0.0082,0.1757,0.0271,0.1335,0.0015,0.6539
340758,Never Mention Murder,1965,50.42,0.238,0.1465,0.0,"[""#212428"", ""#7db2eb"", ""#e4e4e4"", ""#7d7e7e"", ""#4c6a8b""]","[0.38, 0.189, 0.164, 0.146, 0.122]",0.0001,0.0009,0.0,0.217,0.0,0.782
361975,The Hoop of Bermuda,1988,29.53,0.0952,0.3893,0.0001,"[""#2d3f5f"", ""#3b3c40"", ""#57718b"", ""#6a4c33"", ""#b45320""]","[0.578, 0.234, 0.108, 0.044, 0.036]",0.0103,0.0915,0.0017,0.714,0.003,0.1795
382290,M・Y・F・A・C・E,2005,65.56,0.1657,0.2275,0.0001,"[""#eeebdd"", ""#16110d"", ""#998a5e"", ""#cac09f"", ""#5d4d2d""]","[0.264, 0.224, 0.187, 0.184, 0.142]",0.0006,0.4032,0.0014,0.0,0.0,0.5948
440871,Ghost Valley Raiders,1940,52.62,0.0734,0.3437,0.3098,"[""#a23b2b"", ""#cebeae"", ""#e33722"", ""#432f28"", ""#7d6f62""]","[0.228, 0.208, 0.202, 0.195, 0.167]",0.3102,0.2878,0.0003,0.0,0.0,0.4017
444713,Commando 2 - The Black Money Trail,2017,51.46,0.2044,0.44,0.0001,"[""#857944"", ""#c4b76b"", ""#4d4222"", ""#1c150d"", ""#e7dfa8""]","[0.234, 0.231, 0.204, 0.186, 0.145]",0.0001,0.7998,0.0,0.0,0.0,0.2002
453424,Dr. Masher,1969,57.3,0.2296,0.1815,0.0041,"[""#1a1816"", ""#eae5e2"", ""#f74c0c"", ""#756f71"", ""#ec8c65""]","[0.35, 0.283, 0.178, 0.148, 0.041]",0.0362,0.1152,0.0,0.0005,0.0014,0.8466
459420,The Four Just Men,1921,78.27,0.1469,0.0,0.0,"[""#fefefe"", ""#101010"", ""#3e3e3e"", ""#c8c8c8"", ""#858585""]","[0.677, 0.132, 0.068, 0.068, 0.056]",0.0,0.0,0.0,0.0,0.0,1.0
482337,Benaam,1999,38.77,0.2955,0.3426,0.1668,"[""#2a2b2b"", ""#5381a9"", ""#d83e2c"", ""#a75f51"", ""#d5bdb4""]","[0.389, 0.231, 0.149, 0.147, 0.084]",0.2173,0.0769,0.011,0.2812,0.0047,0.4089
483586,Rites of Blood,2004,21.25,0.6089,0.4099,0.1435,"[""#0d090b"", ""#2c528f"", ""#5d1b1f"", ""#9fb5c3"", ""#bb2b2b""]","[0.514, 0.154, 0.136, 0.102, 0.093]",0.1178,0.0171,0.0004,0.1471,0.0334,0.6842
510733,The Ghost Breaker,1922,53.8,0.1976,0.6456,0.0582,"[""#a5bb26"", ""#150c10"", ""#ac9c74"", ""#d93951"", ""#45368a""]","[0.494, 0.205, 0.136, 0.1, 0.064]",0.0715,0.2262,0.3275,0.0448,0.0693,0.2606
517574,Doombeach,1989,58.71,0.0025,0.1816,0.0,"[""#a6a387"", ""#8d8b74"", ""#716f5d"", ""#4a463b"", ""#d6d0c7""]","[0.404, 0.352, 0.15, 0.073, 0.02]",0.0001,0.6776,0.0469,0.0,0.0,0.2755
535249,Our Correspondent,1959,19.58,0.6815,0.2952,0.2797,"[""#201c1c"", ""#723022"", ""#92311d"", ""#462922"", ""#a39174""]","[0.399, 0.216, 0.176, 0.147, 0.062]",0.2569,0.1244,0.0,0.0,0.0001,0.6186
539980,Maigret at the Minister,1987,18.18,0.6346,0.5811,0.1305,"[""#0a030b"", ""#47222f"", ""#894a45"", ""#120f31"", ""#a88186""]","[0.496, 0.248, 0.093, 0.092, 0.072]",0.1355,0.0411,0.0,0.0061,0.1984,0.619
547231,Pizza Hunt,2003,47.56,0.08655,0.324,0.0003,"[""#50612f"", ""#41472a"", ""#9d9ea2"", ""#bd8d3d"", ""#1a1914""]","[0.286, 0.26, 0.218, 0.135, 0.101]",0.0226,0.2016,0.31675,0.02775,0.00015,0.4312
548084,The Perfect Murder,1992,20.81,0.6712,0.1909,0.0,"[""#030305"", ""#1b212b"", ""#668d94"", ""#3b565f"", ""#b4bcbb""]","[0.452, 0.226, 0.128, 0.106, 0.088]",0.0009,0.0004,0.0031,0.2301,0.0,0.7655
630737,2099: The Soldier Protocol,2019,54.4,0.1659,0.3197,0.0075,"[""#1a1d27"", ""#6f97b3"", ""#455f88"", ""#c2dee5"", ""#835146""]","[0.251, 0.25, 0.23, 0.215, 0.054]",0.0322,0.0176,0.0001,0.5553,0.0061,0.3888
633786,Faulty Father,2019,17.44,0.6892,0.5262,0.018,"[""#0d0b11"", ""#0f1e3a"", ""#162c6a"", ""#375c83"", ""#b0a6a6""]","[0.474, 0.243, 0.14, 0.106, 0.037]",0.0199,0.0002,0.0,0.2434,0.0014,0.7351
651517,Riverdead,2007,23.02,0.5375,0.3809,0.0407,"[""#131412"", ""#303f23"", ""#da5b1f"", ""#738794"", ""#44852a""]","[0.418, 0.254, 0.184, 0.084, 0.06]",0.0454,0.1176,0.1886,0.0965,0.0079,0.5441
668985,Who Killed Eve?,1934,43.0,0.1312,0.3995,0.0251,"[""#2a427d"", ""#342f44"", ""#795659"", ""#e58245"", ""#c5bec6""]","[0.413, 0.23, 0.129, 0.116, 0.114]",0.0825,0.096,0.0,0.4779,0.1051,0.2386
747083,Noite de Lamentações (Night of Wails),2020,22.62,0.7003,0.3122,0.003,"[""#080807"", ""#392513"", ""#f5f6f5"", ""#4d6168"", ""#8b5b2d""]","[0.664, 0.143, 0.074, 0.067, 0.052]",0.0051,0.0822,0.0005,0.0328,0.0,0.8793
752825,The Demon,1970,71.87,0.027,0.0,0.0,"[""#cccccc"", ""#aeaeae"", ""#909090"", ""#6d6d6d"", ""#2a2a2a""]","[0.527, 0.258, 0.104, 0.068, 0.043]",0.0,0.0,0.0,0.0,0.0,1.0
752851,Case of a Young Lord 7: Red Crane House,1958,47.72,0.1795,0.4219,0.165,"[""#18172b"", ""#6d676f"", ""#d9b494"", ""#de110d"", ""#c96a5a""]","[0.274, 0.214, 0.204, 0.18, 0.128]",0.2419,0.2171,0.0194,0.123,0.0443,0.3543
781001,That,2012,1.97,0.9529,0.0864,0.0579,"[""#000000"", ""#ce272a"", ""#a12124"", ""#6a171a"", ""#360d0f""]","[0.821, 0.06, 0.06, 0.031, 0.029]",0.0501,0.0,0.0,0.0,0.0,0.9499
789473,The Mysterious Mr. Hyde,1964,21.24,0.6366,0.0199,0.0,"[""#101011"", ""#252526"", ""#454545"", ""#bcbcbc"", ""#777777""]","[0.437, 0.246, 0.156, 0.082, 0.079]",0.0,0.0,0.0,0.0,0.0,1.0
795813,I'm Your Man,2021,53.08,0.0974,0.5764,0.6114,"[""#f0543b"", ""#311a24"", ""#803927"", ""#d89f91"", ""#b7829f""]","[0.601, 0.11, 0.108, 0.103, 0.077]",0.6749,0.0524,0.0,0.0003,0.1475,0.1249
872243,Darkman,1992,11.2,0.6989,0.2628,0.0,"[""#060707"", ""#41362b"", ""#473e4e"", ""#5d4a28"", ""#b4aea7""]","[0.646, 0.161, 0.124, 0.059, 0.01]",0.0101,0.1468,0.0,0.0375,0.084,0.7216
921652,Body of Ashes,2022,31.29,0.3686,0.1695,0.0083,"[""#202127"", ""#41434d"", ""#696a73"", ""#a39b9e"", ""#513c36""]","[0.397, 0.225, 0.164, 0.132, 0.082]",0.0597,0.045,0.0,0.2569,0.0004,0.6379
929912,Droga Digitale,2022,25.23,0.5366,0.2307,0.0246,"[""#100d12"", ""#807474"", ""#573c37"", ""#9ba0b4"", ""#3e4557""]","[0.588, 0.148, 0.122, 0.08, 0.061]",0.0991,0.0218,0.0,0.0422,0.0059,0.831
938049,Donor,2021,23.66,0.3971,0.8946,0.0,"[""#0404ac"", ""#0101d8"", ""#120d77"", ""#0c0821"", ""#cccbe2""]","[0.384, 0.3, 0.199, 0.101, 0.016]",0.0,0.0,0.0,0.6991,0.0,0.3009
990167,Dead Pigeon on Beethoven Street,1972,67.54,0.1606,0.2485,0.1604,"[""#3a1a15"", ""#f0eae8"", ""#95482a"", ""#ae589a"", ""#9f8476""]","[0.372, 0.329, 0.118, 0.1, 0.082]",0.0986,0.0975,0.0,0.0001,0.0829,0.7209
1013699,The Shining Pyramid,1979,35.58,0.4225,0.2812,0.0001,"[""#090504"", ""#352f2c"", ""#665e58"", ""#e9dbc9"", ""#a3988c""]","[0.519, 0.14, 0.13, 0.125, 0.086]",0.0079,0.213,0.0001,0.0,0.0,0.7791
1068455,All That You Love Will Be Carried Away,2019,38.64,0.3608,0.4309,0.2715,"[""#30253f"", ""#e65b34"", ""#c64c47"", ""#6d3b3d"", ""#b6abc1""]","[0.392, 0.245, 0.144, 0.122, 0.096]",0.2765,0.0747,0.0,0.1549,0.1747,0.3192
1075682,Three Silhouettes in Black,1985,21.17,0.5694,0.0278,0.0,"[""#000000"", ""#5e5c5c"", ""#747073"", ""#e2ebec"", ""#96a9af""]","[0.51, 0.216, 0.2, 0.038, 0.036]",0.0,0.0002,0.0007,0.0137,0.0,0.9853
1114351,Actual Record! Real Horror Posted Video 31,2016,17.35,0.7201,0.7118,0.5737,"[""#380a0c"", ""#140807"", ""#5d1013"", ""#ae080a"", ""#908f81""]","[0.314, 0.29, 0.25, 0.106, 0.04]",0.2956,0.015,0.0211,0.0,0.0,0.6684
1156131,두번째 상봉,1967,34.2,0.2823,0.4431,0.1439,"[""#3c2b33"", ""#991d2f"", ""#511a97"", ""#aa9cbd"", ""#261f50""]","[0.316, 0.232, 0.232, 0.127, 0.094]",0.1523,0.0,0.0,0.0925,0.4478,0.3074
1225036,Ha Khel Savlyancha,1976,44.23,0.1401,0.3255,0.0639,"[""#a47b67"", ""#a9a544"", ""#3e3533"", ""#5a677a"", ""#a5443f""]","[0.323, 0.23, 0.221, 0.157, 0.07]",0.2293,0.3778,0.02,0.1568,0.0044,0.2116
1487521,Conserva,2025,58.21,0.0192,0.3459,0.0002,"[""#8eb284"", ""#3c6c61"", ""#1a4244"", ""#4e3921"", ""#786431""]","[0.573, 0.203, 0.107, 0.069, 0.048]",0.0002,0.0831,0.7726,0.1379,0.0,0.0061
1494221,Sticks and Stones: Investigating the Blair Witch,1999,5.21,0.89365,0.22235,0.0,"[""#020402"", ""#15390b"", ""#0f210a"", ""#205a0b"", ""#a4a3a1""]","[0.548, 0.183, 0.158, 0.106, 0.005]",0.0,0.0,0.135,0.0,0.0,0.865
1577810,Pandora's Box,2025,13.46,0.8497,0.5378,0.0,"[""#05090f"", ""#152740"", ""#0e1a29"", ""#446ca2"", ""#8bb7de""]","[0.438, 0.26, 0.192, 0.063, 0.048]",0.0,0.0,0.0,0.2312,0.0,0.7688
1615804,The Big Scoop: Challenge at Twilight,1959,24.48,0.5624,0.5419,0.0219,"[""#192746"", ""#271b15"", ""#2b4f81"", ""#cd9658"", ""#70472d""]","[0.309, 0.308, 0.136, 0.124, 0.122]",0.0113,0.3028,0.0,0.2763,0.0004,0.4093
1634691,Little Signs,2026,57.24,0.0067,0.4937,0.0069,"[""#7b4e2b"", ""#e8b687"", ""#633d21"", ""#fcd6b4"", ""#ab896f""]","[0.342, 0.235, 0.222, 0.106, 0.095]",0.0083,0.9661,0.0,0.0016,0.0014,0.0225
1638974,Fools in the Dark,1924,27.9,0.5912,0.1672,0.019,"[""#040205"", ""#c8a18b"", ""#6c493f"", ""#ead7cb"", ""#b15521""]","[0.437, 0.231, 0.113, 0.112, 0.106]",0.0613,0.282,0.0,0.0016,0.0007,0.6544
1700685,This is Not an Exit,2025,90.58,0.0038,0.0401,0.0222,"[""#fcfafc"", ""#d0c5ca"", ""#c17781"", ""#908c93"", ""#141219""]","[0.639, 0.164, 0.119, 0.068, 0.011]",0.0645,0.0,0.0,0.0004,0.0043,0.9308
