id,title,year,poster_path
2969,A Daughter Of Destiny,1928,/x8AXrCFJ0BSTMx7tNy4ecu7xEvd.jpg
14594,The Thin Man Goes Home,1944,/xKnTU1LOeRU8AubY2LO5lGRiPpv.jpg
19131,Scotland Yard Hunts Dr. Mabuse,1963,/ihElzqxw0fFdnuNRxX3yGOPSqN8.jpg
19169,Nightmare Alley,1947,/odlV13MZEswVyMBQ4fmmxLRHYT0.jpg
19971,The Little Girl Who Lives Down the Lane,1976,/qlH7atDoN2iOmq6pNsoFIlebhgA.jpg
20043,Royal Space Force - The Wings of Honneamise,1987,/h5naABij9ghj6CLcpBYBkxMGYGX.jpg
24008,Monkey Business,1952,/cVYh7b1fLy9zzpZLX2aVNF5U12C.jpg
25004,Black Ice,2007,/l84cc4yrpUGii37FWKBabbjp4iK.jpg
27509,The Penalty,1920,/ct5XMbwZWv3SzZ01lYM4rQihRmA.jpg
28910,Mark of the Vampire,1935,/A6JN2kIEYwXEHHmqEa86aMKDJj8.jpg
29297,Destination Inner Space,1966,/yUaBoXRxeLPcsJzQY9UeAE4ZFzE.jpg
31948,Gray Lady Down,1978,/woWRnt1Go5LSSM580ySnTjeCFiI.jpg
32849,Abandoned,1949,/nJlvfBywxqwogkKy72yeg5iiKTQ.jpg
33546,The Time of Their Lives,1946,/wFO5tIivUKS9PU9feLIm8G1oHaK.jpg
34734,Stir of Echoes: The Homecoming,2007,/cHfi643JkyJe647vtLE8SSZICI9.jpg
36778,Spellbinder,1988,/lthWQAcAmcJ3InuauNuCMgqEVHX.jpg
38456,Charlie Chan's Murder Cruise,1940,/cmluBTdeZKIf8irEk6PBi5WuEUK.jpg
40091,Sex Madness,1938,/519C46QndlC4AB3hxEbj3j00BEm.jpg
40252,Witchboard III: The Possession,1997,/atfbGfESaNEvFkG1U2BeOCpXakK.jpg
44169,The Falcon in Danger,1943,/tYO1a5ZXLNosJ1iN0W84kSMn1Hg.jpg
47062,Miraculous Virgin,1967,/gr48EaBu5C5I9dtppqiQK3Bt7br.jpg
47286,Cool Air,1999,/fhyZSWfsgoij9uvkANC9DHM40vB.jpg
51565,The Dragon Murder Case,1934,/cTuPo6R2d3KBtfHa1CLd0QWsgpG.jpg
52204,The Brain Eaters,1958,/b38BGdGMy5ExdIAOdfLcSanYgJO.jpg
54539,The Inhuman Woman,1924,/uOr8W7pos3WOTcHBrUKnzkGJdGp.jpg
56429,Up from the Depths,1979,/pskHeZCsUgSZDTOUGFPnuJsNfsd.jpg
58421,Ignition,2002,/6ntSTjI6ePjciTPvcFY7kTqmsOo.jpg
60523,Chicago Calling,1951,/vQWqit76iffRMfNfXjamsSIjDzL.jpg
64568,Taste of Fear,1961,/k1Eq0XpDAsCkoGUGv5rV8c4uQUs.jpg
67430,Zoo zéro,1979,/pDx50v3xEmLhQbQt4VgZWoYBlVz.jpg
69351,Beauty and the Beast,2005,/cxuVTJMQinZuLcglEUVtyUrQMsQ.jpg
74707,Mystery House,1938,/yKJU6tWCCMQRou6FzQHQyGF6puI.jpg
75506,World Without End,1956,/flvqHHFMBCks5Mlb4HWydUZcwbV.jpg
77067,DeadHeads,2011,/uDhZDedBv9eRDkuJSTbM77EmHI1.jpg
80342,Lady Dragon 2,1993,/jLfgHVaGAwwxuvB7Pacpknn1cUY.jpg
81829,Bulldog Drummond,1929,/7pN3nEDQBfQRjrtgOwJ3WBBm23F.jpg
84770,The Large Rope,1953,/vQjXXWsKyCaX2iFQ47QGQVZFcF.jpg
93394,Elevator,2013,/1V8G6Lkxhv9ztJuBhXlGxyUp1MF.jpg
94716,A Cottage on Dartmoor,1929,/7pEJGYom5opZCzyoc8JXXDP8Lag.jpg
136686,Doraemon: Nobita and the Green Giant Legend,2008,/jY2c8s4s8YyGxuxX8ymmzGUdnwZ.jpg
138999,Little Corey Gorey,1993,/78qQk4jUgsx5Cb6JxKpNt4m0jnP.jpg
140418,Bulldog Drummond at Bay,1937,/aEYmM4UW2AmN71toprcDQAw5ohp.jpg
160399,Megazone 23 III - Part 1 - The Awakening of Eve,1989,/xDuIApsp946VbJZBM4jtlNfAaLz.jpg
173095,The Brides Wore Blood,1972,/irfCywWtZNUwIg6LCgiDDl04pvB.jpg
201989,Bottles,1936,/ruEYl6K2S0LeTDRa4aDaGhrM0ih.jpg
213215,The Returning,1983,/fX5tOZShILODrIFSy7Q6TlRi9Gv.jpg
214905,Below the Deadline,1936,/uQq5grAi7HHW0KDGDJXJFxIx1Zx.jpg
224473,The Sweet Sound of Death,1965,/lmBwq2PlJntTw6FsV7JVzOyPbPw.jpg
249294,Celia: The Sinister Affair of Poor Aunt Nora,1949,/kNlIwjgUgdUSnwpvdmnJY0hwJIv.jpg
267338,"Love, Honor and Oh-Baby!",1940,/4VQ6sMtsc4LBnwpswsr1T8mlhtV.jpg
280002,The Remaining,2014,/fFeTfXI67Oj80s65jtbq4uQ4InP.jpg
294307,The Last Hit,1993,/kKd2N6cVD1MPubGhB8MRXhcuNT8.jpg
299460,The Mother  Tree,1958,/cG5uXkEL2c3FPopAwHlPJa2yxCk.jpg
324153,The Shadow Laughs,1933,/kb4g2rkUYJIXInXQNyKDawTOH6A.jpg
324621,The Return,1980,/aEzcNTnQOEC630thAKmkuZtUraX.jpg
325622,The Hound of the Baskervilles,1921,/7qAPb1Q7ZoikemUPQu8rgtsmF3r.jpg
340758,Never Mention Murder,1965,/pprRnPzu0tW9nu4FwPeUwBy4l6Z.jpg
361975,The Hoop of Bermuda,1988,/wEKigxXYPYfk0ovM8JFBr2pbCFC.jpg
382290,M・Y・F・A・C・E,2005,/mZTQPrfjDBFiRCJOGAPSYRZdMjO.jpg
440871,Ghost Valley Raiders,1940,/saSeGf163y3lYB7Q51k1aLkDFMK.jpg
444713,Commando 2 - The Black Money Trail,2017,/9RZfZxIqyom7XVtXlHKnlNezZua.jpg
453424,Dr. Masher,1969,/fjX0b6urjLMFLwn5APDNdkPGHks.jpg
459420,The Four Just Men,1921,/owwapeLUUq5Niz4uHBsYbA12DyJ.jpg
482337,Benaam,1999,/9e8FRv6cRiDNTmEO8uupDt7NBzA.jpg
483586,Rites of Blood,2004,/izXzF9teEOwAVJJea23103SDrAy.jpg
510733,The Ghost Breaker,1922,/psqe0nChlRI9rfKOgYKfTgbQJce.jpg
517574,Doombeach,1989,/6iSihovuRiQgwR8UXKwtfhrPqzH.jpg
535249,Our Correspondent,1959,/vTIOSyqOoLdxBkpfeTdfwwQ2QMP.jpg
539980,Maigret at the Minister,1987,/wrtM6tVpUcHJQOMzf7ukiheXFFX.jpg
547231,Pizza Hunt,2003,/6XR8Y1vBYpEqKq3S16rZVaPEgAC.jpg
548084,The Perfect Murder,1992,/1iD7jmtft3FBDHFl8NyeqnCE76y.jpg
630737,2099: The Soldier Protocol,2019,/1P6SoZCSKrJp8sxooCbShwN2wpL.jpg
633786,Faulty Father,2019,/66Leedz6XSF6S39uHFjsa3rHruO.jpg
651517,Riverdead,2007,/kodYGucCD6b5xFBp8AmJlrR8OJk.jpg
668985,Who Killed Eve?,1934,/rqJLbhnTv7CoQyEr9IZZn7BniOV.jpg
747083,Noite de Lamentações (Night of Wails),2020,/v2htwRYp4VsDF232dSHnHQeJDXq.jpg
752825,The Demon,1970,/zHALfGjpeEURjLlfY2FxxeTeNHt.jpg
752851,Case of a Young Lord 7: Red Crane House,1958,/bc4XcpVTe7KRlglLsv65oBfOvyu.jpg
781001,That,2012,/8mtyB2mSpIVH1MdcCpqaoTFmslu.jpg
789473,The Mysterious Mr. Hyde,1964,/zB5cW1fWAVid1DCYaxXlCB2SW2Y.jpg
795813,I'm Your Man,2021,/v13p6KlgD7Y1Tas6X8GLJzv5zRe.jpg
872243,Darkman,1992,/6WMMl4aSAciOkOIlvZA3XrzDxhN.jpg
921652,Body of Ashes,2022,/fS4P9mxci6hBGR8LDLusBEvtoPT.jpg
929912,Droga Digitale,2022,/idqNzOfa8Sjp5ea0srGy0fWijN0.jpg
938049,Donor,2021,/8QGePlrv8U5FQawEWjlGrEIyOtY.jpg
990167,Dead Pigeon on Beethoven Street,1972,/3OlbsR5QOzboaWXP1J4Ho3JkIH4.jpg
1013699,The Shining Pyramid,1979,/g8IlNYICgmLNZvb2Bl6FnZT3lpa.jpg
1068455,All That You Love Will Be Carried Away,2019,/l0zWH6l9sW5rutzb2H7cMjxP1qT.jpg
1075682,Three Silhouettes in Black,1985,/8JycgJnpn2ntq6aMQ7lLOGqP9Q7.jpg
1114351,Actual Record! Real Horror Posted Video 31,2016,/cKu1sSDQRTPdHiDhLOsE2UiMJ83.jpg
1156131,두번째 상봉,1967,/AnLutEexmGK5diiKa49TWTjDW4P.jpg
1225036,Ha Khel Savlyancha,1976,/f1pflR0RgvJEbq0yLlbij4yukJD.jpg
1487521,Conserva,2025,/xjJDKdSxoiZyHIBgMRJLWa389zr.jpg
1494221,Sticks and Stones: Investigating the Blair Witch,1999,/6qpMpk3f4ibYlg5TQM3C9cWZA3Q.jpg
1577810,Pandora's Box,2025,/uzZUA8M7m3vER6u9lhvjnJzMSe7.jpg
1615804,The Big Scoop: Challenge at Twilight,1959,/dsOiRIsSK5Tjf3JUkcoESCVEaMN.jpg
1634691,Little Signs,2026,/gkbdODtAmZUIFUs3PZu5gn9wlMj.jpg
1638974,Fools in the Dark,1924,/Am9JADthb4QgsecNVDx6ftKULRz.jpg
1700685,This is Not an Exit,2025,/rVp6LxdZCfa8dvuSYx5NcrFevY1.jpg
