id,title,year,n_persons,kpt_bbox_area_frac,limb_asymmetry,mean_kpt_confidence,box,keypoints,error
2969,A Daughter Of Destiny,1928,1,0.4353,0.1094,0.664,"[18.8, 0.0, 491.6, 747.6]","[[166.3, 156.2, 0.986], [196.3, 117.4, 0.983], [129.6, 119.2, 0.984], [224.0, 111.9, 0.829], [85.5, 123.4, 0.863], [247.6, 191.1, 0.748], [104.3, 254.2, 0.896], [458.6, 270.2, 0.931], [199.5, 377.1, 0.858], [355.8, 175.0, 0.873], [268.7, 463.8, 0.537], [321.2, 447.3, 0.418], [188.0, 468.8, 0.379], [465.4, 516.9, 0.453], [291.4, 595.8, 0.168], [330.4, 657.4, 0.191], [291.6, 655.0, 0.196]]",
14594,The Thin Man Goes Home,1944,3,1.1965,0.0394,0.56,"[8.6, 242.1, 193.4, 745.8]","[[118.8, 374.6, 0.949], [138.3, 339.6, 0.999], [88.2, 359.8, 1.018], [189.3, 340.0, 0.957], [70.6, 387.8, 0.901], [273.4, 456.5, 0.712], [92.1, 523.4, 0.879], [356.3, 614.3, 0.359], [119.4, 699.3, 0.577], [207.1, 672.2, 0.212], [127.9, 675.7, 0.419], [295.6, 717.4, 0.544], [162.9, 729.4, 0.603], [247.0, 720.0, 0.074], [124.4, 715.9, 0.178], [222.3, 675.4, 0.05], [142.8, 730.5, 0.091]]",
19131,Scotland Yard Hunts Dr. Mabuse,1963,6,0.2488,0.0974,0.421,"[0.0, 1.4, 498.0, 730.8]","[[307.6, 293.5, 0.902], [347.5, 265.8, 0.947], [282.2, 268.8, 0.924], [414.8, 293.6, 0.789], [261.0, 293.4, 0.552], [448.3, 477.5, 0.513], [272.0, 480.4, 0.4], [426.8, 508.0, 0.18], [178.4, 505.8, 0.458], [395.0, 118.7, 0.282], [95.2, 249.8, 0.639], [396.5, 699.3, 0.052], [212.4, 701.1, 0.05], [403.2, 458.9, 0.126], [402.0, 445.6, 0.14], [215.1, 499.6, 0.124], [215.1, 504.4, 0.083]]",
19169,Nightmare Alley,1947,0,,,,,,
19971,The Little Girl Who Lives Down the Lane,1976,1,0.6423,0.0102,0.755,"[235.2, 72.4, 337.5, 474.1]","[[261.9, 116.4, 0.614], [264.9, 107.8, 0.703], [293.5, 104.4, 0.618], [264.1, 111.5, 0.895], [298.4, 110.6, 0.855], [255.1, 157.0, 0.898], [316.4, 152.9, 0.794], [245.6, 217.3, 0.822], [323.6, 207.7, 0.67], [256.8, 251.4, 0.651], [311.9, 238.3, 0.673], [265.3, 269.2, 0.713], [305.2, 270.7, 0.676], [275.3, 355.7, 0.889], [302.3, 357.6, 0.895], [281.6, 442.9, 0.705], [298.6, 438.6, 0.758]]",
20043,Royal Space Force - The Wings of Honneamise,1987,3,0.6395,0.0613,0.605,"[49.6, 393.7, 462.2, 712.8]","[[248.2, 479.1, 0.984], [266.6, 461.1, 0.977], [229.0, 463.8, 0.949], [295.3, 485.2, 0.943], [207.8, 488.1, 0.936], [355.7, 577.3, 0.659], [170.3, 602.4, 0.799], [440.4, 667.2, 0.364], [123.2, 692.5, 0.438], [423.2, 629.3, 0.326], [114.2, 715.5, 0.494], [349.7, 719.2, 0.498], [212.6, 732.5, 0.236], [359.3, 621.9, 0.828], [138.4, 658.3, 0.478], [423.4, 731.5, 0.188], [97.5, 731.6, 0.185]]",
24008,Monkey Business,1952,6,0.6052,0.0104,0.655,"[0.0, 233.6, 355.4, 747.9]","[[154.4, 343.1, 0.984], [176.3, 321.1, 0.974], [130.3, 321.0, 0.964], [199.4, 326.8, 0.993], [94.4, 327.7, 0.996], [253.2, 440.8, 0.826], [43.9, 457.4, 0.869], [288.4, 569.2, 0.452], [17.8, 610.5, 0.894], [216.5, 619.7, 0.341], [137.7, 641.2, 0.89], [236.2, 720.2, 0.802], [102.0, 729.7, 0.883], [217.9, 737.5, 0.081], [86.0, 756.3, 0.023], [209.6, 729.9, 0.103], [169.5, 733.3, 0.059]]",
25004,Black Ice,2007,3,0.4649,0.0233,0.456,"[33.1, 47.3, 496.6, 661.1]","[[238.6, 257.7, 0.896], [269.6, 225.5, 0.93], [213.1, 220.0, 0.894], [316.4, 231.1, 0.885], [179.1, 225.2, 0.931], [386.8, 379.1, 0.528], [120.2, 360.5, 0.586], [419.2, 600.5, 0.371], [112.5, 586.1, 0.38], [178.3, 524.3, 0.092], [306.5, 543.8, 0.114], [353.7, 649.8, 0.428], [164.3, 651.2, 0.416], [418.4, 412.7, 0.14], [81.7, 398.6, 0.106], [176.8, 591.0, 0.028], [151.3, 599.0, 0.032]]",
27509,The Penalty,1920,2,0.3895,0.0069,0.655,"[8.1, 50.1, 271.1, 494.8]","[[212.3, 133.0, 0.968], [226.7, 120.8, 0.936], [199.3, 115.4, 1.016], [239.0, 117.8, 0.915], [173.9, 107.0, 0.952], [249.5, 177.7, 0.888], [122.1, 159.0, 0.862], [251.7, 274.0, 0.521], [94.5, 252.0, 0.778], [199.4, 389.5, 0.26], [141.1, 271.5, 0.896], [208.4, 336.1, 0.588], [123.2, 331.1, 0.519], [244.9, 412.1, 0.231], [36.6, 432.0, 0.192], [183.8, 401.0, 0.203], [164.7, 396.9, 0.404]]",
28910,Mark of the Vampire,1935,3,0.3906,0.0553,0.495,"[0.0, 153.2, 478.3, 741.4]","[[184.7, 441.0, 0.963], [214.0, 408.3, 0.988], [154.2, 409.5, 0.983], [251.6, 428.4, 0.925], [118.7, 427.9, 0.925], [318.1, 570.1, 0.63], [67.8, 572.9, 0.71], [356.8, 707.4, 0.254], [29.6, 670.6, 0.358], [358.6, 708.0, 0.302], [198.7, 721.6, 0.455], [277.2, 742.2, 0.303], [130.9, 743.6, 0.173], [453.5, 724.0, 0.148], [443.3, 714.8, 0.072], [478.8, 546.7, 0.151], [240.4, 729.5, 0.079]]",
29297,Destination Inner Space,1966,5,0.1092,,0.219,"[169.6, 306.5, 424.9, 455.9]","[[313.4, 366.4, 0.149], [319.6, 356.7, 0.135], [304.7, 359.7, 0.219], [345.2, 228.9, 0.133], [278.7, 184.2, 0.182], [325.3, 296.7, 0.175], [236.6, 270.1, 0.067], [308.6, 346.7, 0.201], [183.1, 410.8, 0.331], [314.0, 386.6, 0.122], [225.1, 414.1, 0.43], [308.4, 430.4, 0.334], [253.9, 443.0, 0.235], [396.4, 417.7, 0.4], [463.1, 510.1, 0.191], [319.9, 439.6, 0.15], [309.2, 450.4, 0.262]]",
31948,Gray Lady Down,1978,0,,,,,,
32849,Abandoned,1949,3,0.4921,0.0239,0.541,"[254.8, 0.7, 498.8, 357.3]","[[359.1, 75.1, 0.787], [373.7, 60.1, 0.861], [341.2, 63.9, 0.866], [398.3, 69.0, 0.891], [323.3, 84.5, 0.874], [423.0, 152.6, 0.583], [299.0, 158.1, 0.502], [478.8, 240.8, 0.481], [294.3, 270.6, 0.259], [468.5, 193.4, 0.702], [466.6, 193.6, 0.425], [448.6, 268.2, 0.321], [350.1, 296.4, 0.319], [466.0, 298.2, 0.446], [466.3, 293.7, 0.27], [399.9, 294.7, 0.29], [381.1, 298.0, 0.32]]",
33546,The Time of Their Lives,1946,2,0.6956,0.0593,0.662,"[178.2, 258.6, 500.0, 743.3]","[[364.9, 337.5, 0.981], [367.4, 317.0, 1.014], [332.0, 326.2, 0.992], [382.8, 333.9, 0.766], [286.7, 361.2, 0.992], [455.1, 432.5, 0.87], [247.2, 467.9, 0.888], [507.7, 518.4, 0.663], [293.8, 594.3, 0.887], [391.6, 550.1, 0.901], [442.5, 581.2, 0.664], [463.7, 721.0, 0.814], [319.8, 733.4, 0.659], [463.4, 489.5, 0.07], [347.9, 956.0, 0.01], [455.2, 653.4, 0.013], [442.0, 600.8, 0.063]]",
34734,Stir of Echoes: The Homecoming,2007,0,,,,,,
36778,Spellbinder,1988,2,0.6912,0.0528,0.451,"[8.0, 2.9, 499.6, 725.9]","[[235.9, 230.1, 0.967], [292.6, 169.5, 1.0], [195.6, 171.1, 0.973], [384.8, 177.9, 0.792], [153.5, 189.3, 0.816], [475.7, 460.0, 0.605], [99.1, 482.3, 0.698], [490.7, 727.0, 0.268], [42.9, 737.2, 0.494], [405.3, 570.7, 0.349], [270.1, 592.1, 0.395], [418.3, 826.6, 0.037], [172.0, 826.8, 0.065], [397.4, 462.2, 0.048], [64.5, 517.4, 0.034], [311.2, 558.6, 0.049], [275.5, 562.0, 0.08]]",
38456,Charlie Chan's Murder Cruise,1940,3,0.2584,,0.419,"[1.5, 0.0, 499.4, 748.0]","[[465.4, 261.0, 0.971], [496.2, 197.6, 0.936], [390.1, 204.1, 0.975], [513.4, 198.2, 0.419], [296.5, 245.4, 0.915], [497.8, 428.4, 0.221], [194.3, 487.0, 0.308], [493.4, 467.7, 0.458], [18.2, 447.5, 0.279], [348.9, 499.3, 0.759], [366.0, 498.2, 0.283], [248.7, 734.0, 0.054], [209.2, 735.0, 0.1], [143.5, 645.7, 0.091], [184.3, 649.7, 0.093], [324.8, 489.5, 0.197], [46.9, 680.7, 0.059]]",
40091,Sex Madness,1938,0,,,,,,
40252,Witchboard III: The Possession,1997,1,0.7622,0.0067,0.538,"[0.0, 0.8, 498.6, 750.0]","[[244.6, 189.0, 0.927], [283.3, 133.2, 0.985], [202.3, 144.1, 0.937], [339.8, 106.6, 0.955], [154.4, 128.3, 0.819], [434.3, 328.5, 0.736], [53.0, 324.0, 0.744], [481.6, 550.0, 0.504], [14.4, 548.6, 0.496], [460.5, 720.5, 0.214], [25.1, 720.1, 0.289], [347.9, 716.0, 0.704], [144.4, 713.0, 0.672], [379.7, 720.9, 0.016], [152.1, 761.7, 0.014], [468.1, 551.3, 0.063], [90.5, 700.2, 0.072]]",
44169,The Falcon in Danger,1943,2,0.6769,0.0796,0.462,"[233.9, 369.9, 500.0, 749.5]","[[389.3, 475.8, 0.981], [414.3, 454.7, 0.981], [372.4, 459.2, 0.974], [473.6, 480.0, 0.982], [358.3, 486.4, 0.888], [508.5, 625.7, 0.782], [294.6, 617.5, 0.852], [506.2, 726.8, 0.276], [275.7, 748.4, 0.761], [493.7, 530.5, 0.163], [406.3, 734.9, 0.013], [519.0, 967.4, 0.013], [384.0, 977.5, 0.018], [534.9, 1055.0, 0.027], [298.6, 621.1, 0.085], [452.4, 702.8, 0.02], [422.7, 1220.1, 0.034]]",
47062,Miraculous Virgin,1967,1,0.6309,0.1187,0.374,"[4.3, 196.4, 484.9, 740.5]","[[267.7, 468.5, 0.808], [334.5, 362.1, 0.961], [160.4, 351.0, 0.985], [395.7, 391.9, 0.594], [33.4, 391.1, 0.745], [441.6, 648.8, 0.407], [16.5, 666.3, 0.437], [448.7, 599.0, 0.282], [478.3, 647.4, 0.022], [452.2, 729.6, 0.471], [391.9, 738.4, 0.108], [344.4, 709.2, 0.086], [130.7, 702.7, 0.037], [452.3, 640.1, 0.146], [448.9, 638.5, 0.072], [421.5, 717.5, 0.115], [392.3, 707.4, 0.075]]",
47286,Cool Air,1999,1,0.6532,0.0733,0.722,"[17.3, 241.9, 244.3, 541.7]","[[115.4, 326.1, 0.995], [126.5, 313.5, 0.984], [106.7, 309.2, 0.961], [132.7, 314.7, 0.841], [73.9, 299.9, 0.96], [122.0, 379.3, 0.924], [20.7, 370.3, 0.939], [155.9, 460.9, 0.971], [25.1, 491.2, 0.885], [199.5, 469.6, 0.809], [129.1, 507.1, 0.918], [119.4, 539.1, 0.67], [45.7, 548.5, 0.616], [235.6, 569.5, 0.234], [162.3, 529.8, 0.133], [131.5, 573.7, 0.175], [166.6, 568.1, 0.261]]",
51565,The Dragon Murder Case,1934,2,0.5109,,0.368,"[0.0, 0.0, 500.0, 749.7]","[[286.1, 219.7, 0.854], [348.6, 172.8, 0.848], [255.1, 157.3, 0.849], [414.1, 186.0, 0.559], [210.8, 164.0, 0.79], [459.5, 387.8, 0.232], [147.3, 311.0, 0.309], [455.7, 701.4, 0.379], [32.6, 572.8, 0.163], [499.3, 440.2, 0.601], [35.8, 436.5, 0.042], [376.3, 726.2, 0.21], [146.9, 724.1, 0.136], [447.8, 569.5, 0.117], [79.3, 679.5, 0.048], [458.8, 476.2, 0.066], [131.3, 581.8, 0.059]]",
52204,The Brain Eaters,1958,1,0.1216,,0.332,"[0.2, 37.7, 500.0, 741.3]","[[110.6, 431.6, 0.761], [198.8, 327.1, 0.89], [62.4, 367.4, 0.918], [447.8, 334.5, 0.715], [38.6, 394.9, 0.443], [475.7, 722.0, 0.107], [32.8, 717.9, 0.196], [490.3, 417.1, 0.055], [7.0, 594.4, 0.157], [348.5, 349.2, 0.05], [54.9, 478.0, 0.295], [455.7, 713.2, 0.277], [206.2, 729.7, 0.22], [451.1, 729.9, 0.242], [34.5, 716.0, 0.128], [204.5, 595.3, 0.104], [179.2, 579.7, 0.079]]",
54539,The Inhuman Woman,1924,0,,,,,,
56429,Up from the Depths,1979,0,,,,,,
58421,Ignition,2002,2,0.3632,0.1469,0.371,"[26.8, 135.4, 498.6, 718.9]","[[453.8, 421.3, 0.916], [475.8, 364.6, 1.0], [388.0, 364.3, 1.001], [494.1, 371.0, 0.643], [296.4, 401.6, 0.951], [437.0, 637.0, 0.588], [127.3, 571.7, 0.373], [457.7, 740.2, 0.078], [53.9, 726.3, 0.25], [468.3, 706.7, 0.148], [174.1, 720.4, 0.114], [350.0, 951.3, 0.017], [142.1, 951.4, 0.037], [441.1, 546.1, 0.022], [211.5, 738.2, 0.022], [139.3, 686.8, 0.061], [134.3, 687.4, 0.082]]",
60523,Chicago Calling,1951,11,0.8057,0.04,0.578,"[38.3, 18.8, 480.9, 377.9]","[[340.7, 169.5, 0.937], [379.3, 170.9, 0.938], [345.6, 134.0, 1.018], [403.6, 196.4, 0.812], [323.6, 119.4, 0.879], [342.8, 317.4, 0.511], [229.6, 138.9, 0.736], [408.9, 439.1, 0.432], [85.4, 60.8, 0.965], [423.8, 299.1, 0.857], [308.7, 72.9, 0.924], [98.2, 454.3, 0.283], [6.8, 337.5, 0.172], [27.6, 511.2, 0.069], [26.8, 512.8, 0.053], [82.8, 386.8, 0.172], [308.3, 79.2, 0.066]]",
64568,Taste of Fear,1961,1,0.3286,0.1261,0.357,"[3.7, 204.0, 417.4, 750.0]","[[213.9, 368.3, 0.677], [275.6, 540.4, 0.716], [184.4, 363.2, 0.764], [240.2, 371.2, 0.557], [147.9, 398.5, 0.504], [235.6, 470.4, 0.272], [162.5, 487.3, 0.115], [250.2, 510.7, 0.081], [257.9, 681.0, 0.117], [164.1, 293.2, 0.355], [172.7, 444.6, 0.349], [315.0, 729.3, 0.344], [264.8, 737.5, 0.528], [264.7, 690.8, 0.075], [274.0, 681.0, 0.104], [191.5, 482.7, 0.228], [169.1, 477.9, 0.285]]",
67430,Zoo zéro,1979,1,0.7919,0.0893,0.308,"[35.0, 261.1, 160.8, 397.9]","[[84.4, 327.6, 0.591], [98.4, 312.7, 0.768], [64.8, 324.4, 0.637], [122.6, 318.3, 0.726], [151.5, 313.7, 0.457], [133.3, 368.9, 0.372], [80.1, 369.3, 0.341], [216.3, 385.1, 0.094], [60.5, 293.5, 0.338], [217.1, 380.5, 0.186], [41.7, 245.2, 0.46], [106.0, 433.6, 0.057], [80.5, 420.3, 0.085], [191.6, 377.7, 0.022], [49.8, 406.6, 0.02], [70.4, 397.5, 0.033], [63.2, 397.9, 0.05]]",
69351,Beauty and the Beast,2005,6,0.6795,0.0824,0.594,"[0.0, 104.9, 459.7, 732.2]","[[111.0, 217.0, 0.942], [133.2, 193.6, 0.982], [91.4, 195.3, 0.939], [164.6, 198.5, 0.952], [76.0, 200.6, 0.875], [184.4, 300.5, 0.698], [81.5, 313.6, 0.653], [263.8, 401.8, 0.221], [83.5, 379.4, 0.354], [404.3, 347.0, 0.606], [38.3, 386.2, 0.647], [159.4, 588.0, 0.312], [108.3, 702.5, 0.186], [303.9, 541.2, 0.584], [31.4, 546.3, 0.582], [352.1, 719.0, 0.376], [39.3, 714.7, 0.196]]",
74707,Mystery House,1938,3,0.4161,0.212,0.479,"[0.0, 0.0, 499.7, 747.7]","[[162.1, 277.4, 0.951], [202.0, 237.1, 0.942], [121.3, 222.1, 0.936], [234.0, 257.1, 0.756], [64.7, 228.5, 0.857], [235.6, 406.6, 0.575], [18.4, 421.9, 0.363], [350.2, 611.2, 0.212], [0.5, 523.5, 0.196], [383.1, 648.3, 0.372], [34.3, 357.0, 0.822], [234.8, 722.7, 0.173], [66.8, 713.4, 0.165], [405.3, 737.8, 0.202], [389.0, 740.9, 0.131], [377.9, 659.9, 0.252], [377.0, 667.4, 0.239]]",
75506,World Without End,1956,2,0.5179,0.0071,0.471,"[252.6, 88.6, 475.7, 511.5]","[[365.7, 192.6, 0.692], [382.1, 178.1, 0.735], [352.2, 174.7, 0.834], [418.2, 176.0, 0.349], [331.9, 171.2, 0.488], [474.7, 116.3, 0.535], [476.0, 118.8, 0.656], [457.0, 216.8, 0.332], [456.8, 223.6, 0.292], [464.4, 463.5, 0.228], [472.0, 466.7, 0.283], [470.8, 444.3, 0.26], [475.4, 441.7, 0.271], [462.9, 184.4, 0.268], [463.3, 176.1, 0.414], [476.7, 453.7, 0.714], [474.6, 449.8, 0.655]]",
77067,DeadHeads,2011,0,,,,,,
80342,Lady Dragon 2,1993,0,,,,,,
81829,Bulldog Drummond,1929,3,0.7357,0.0387,0.798,"[249.6, 235.8, 498.7, 718.6]","[[400.6, 297.3, 0.95], [412.1, 284.2, 0.963], [396.3, 286.9, 1.023], [453.7, 281.6, 0.937], [396.3, 299.9, 0.747], [487.4, 349.8, 0.924], [400.0, 366.5, 1.079], [475.3, 420.9, 0.629], [382.1, 445.5, 0.742], [426.9, 431.0, 0.705], [381.9, 462.3, 0.464], [470.6, 541.9, 0.902], [398.2, 543.3, 0.896], [440.2, 666.7, 0.856], [283.0, 632.8, 1.024], [449.9, 727.0, 0.141], [405.3, 714.6, 0.584]]",
84770,The Large Rope,1953,2,0.6922,0.1043,0.604,"[6.6, 108.1, 367.3, 479.0]","[[123.8, 195.8, 0.967], [140.0, 175.0, 0.989], [108.3, 184.0, 0.97], [182.5, 175.8, 0.951], [98.8, 196.9, 0.732], [166.6, 259.1, 0.834], [242.2, 231.3, 0.817], [74.8, 355.3, 0.891], [308.0, 299.1, 0.392], [52.3, 300.5, 0.886], [248.0, 216.7, 0.382], [263.9, 502.3, 0.515], [335.3, 481.0, 0.543], [256.8, 658.9, 0.11], [292.0, 658.5, 0.148], [277.2, 644.3, 0.067], [292.7, 638.8, 0.078]]",
93394,Elevator,2013,0,,,,,,
94716,A Cottage on Dartmoor,1929,1,0.6884,0.0634,0.61,"[175.7, 512.0, 460.1, 697.2]","[[433.0, 559.1, 0.852], [436.7, 550.8, 0.897], [427.7, 548.6, 0.915], [430.6, 550.2, 0.796], [409.9, 543.9, 0.876], [416.9, 580.1, 0.621], [386.5, 575.7, 0.697], [336.7, 574.2, 0.541], [355.6, 602.5, 0.516], [307.7, 552.3, 0.725], [306.8, 558.9, 0.208], [406.5, 629.9, 0.453], [352.3, 639.9, 0.409], [460.3, 681.1, 0.405], [290.5, 668.9, 0.796], [456.0, 723.5, 0.169], [206.1, 686.5, 0.499]]",
136686,Doraemon: Nobita and the Green Giant Legend,2008,3,1.3352,0.0428,0.641,"[0.0, 331.3, 82.5, 616.6]","[[93.2, 285.6, 0.737], [100.7, 274.2, 0.609], [80.1, 271.2, 0.899], [54.4, 270.3, 0.422], [41.7, 277.3, 1.023], [75.3, 347.1, 0.782], [29.8, 345.3, 0.808], [23.1, 453.7, 0.422], [12.6, 476.3, 0.649], [25.5, 475.2, 0.608], [37.1, 482.0, 0.756], [19.6, 483.2, 0.654], [7.5, 492.8, 0.735], [58.0, 600.9, 0.715], [62.5, 607.8, 0.741], [78.6, 686.3, 0.165], [104.3, 683.0, 0.166]]",
138999,Little Corey Gorey,1993,3,0.7737,0.0857,0.747,"[97.6, 257.1, 435.1, 749.1]","[[284.5, 371.7, 0.975], [294.8, 349.1, 0.998], [262.3, 354.3, 0.98], [307.1, 345.3, 0.853], [216.8, 354.1, 1.012], [320.8, 414.0, 0.97], [165.1, 420.5, 0.944], [361.9, 526.3, 0.657], [118.0, 533.4, 1.015], [388.5, 500.8, 0.732], [237.9, 521.4, 0.965], [348.6, 665.2, 0.773], [249.2, 687.9, 0.781], [448.4, 734.2, 0.466], [271.3, 746.7, 0.168], [358.4, 711.4, 0.246], [242.0, 722.5, 0.161]]",
140418,Bulldog Drummond at Bay,1937,5,0.8994,0.0221,0.805,"[0.0, 32.6, 236.8, 746.6]","[[112.4, 132.3, 0.961], [126.6, 116.0, 0.98], [97.8, 114.0, 0.995], [138.1, 122.1, 0.974], [59.2, 115.3, 0.958], [170.4, 202.7, 0.955], [9.4, 204.2, 0.904], [202.0, 341.2, 0.858], [-20.2, 327.0, 0.453], [207.5, 465.3, 0.871], [-4.2, 310.6, 0.87], [154.2, 490.3, 0.824], [46.9, 494.2, 0.787], [155.9, 675.2, 0.845], [52.4, 686.5, 0.862], [149.5, 781.7, 0.346], [54.5, 807.4, 0.248]]",
160399,Megazone 23 III - Part 1 - The Awakening of Eve,1989,1,0.5374,0.0432,0.496,"[130.6, 18.8, 454.1, 502.3]","[[230.3, 141.0, 0.726], [231.5, 129.1, 0.764], [205.0, 134.9, 0.864], [246.9, 132.7, 0.736], [190.8, 152.4, 0.868], [265.7, 211.1, 0.55], [211.0, 202.4, 0.597], [300.7, 317.6, 0.504], [233.6, 289.5, 0.19], [366.3, 201.8, 0.452], [199.4, 190.6, 0.161], [293.6, 342.9, 0.496], [272.2, 331.6, 0.345], [246.5, 400.4, 0.394], [167.3, 329.0, 0.171], [421.8, 493.0, 0.477], [226.1, 435.1, 0.138]]",
173095,The Brides Wore Blood,1972,1,0.6696,0.0577,0.732,"[37.4, 4.1, 490.9, 734.1]","[[184.9, 85.4, 0.868], [197.5, 59.7, 0.784], [159.5, 85.6, 0.769], [252.2, 94.0, 0.863], [154.5, 116.1, 0.803], [315.1, 212.8, 0.976], [149.0, 202.0, 0.939], [354.9, 379.5, 0.928], [78.0, 389.0, 0.952], [413.1, 440.6, 0.951], [231.8, 432.6, 0.871], [321.9, 506.4, 0.778], [205.3, 506.2, 0.661], [301.1, 721.2, 0.668], [163.2, 718.2, 0.547], [321.5, 762.4, 0.035], [124.4, 730.5, 0.057]]",
201989,Bottles,1936,1,0.673,0.3264,0.314,"[338.5, 396.7, 498.6, 632.4]","[[375.9, 476.3, 0.521], [376.7, 459.7, 0.559], [363.3, 467.5, 0.486], [396.7, 452.8, 0.346], [361.8, 478.6, 0.247], [476.3, 303.5, 0.222], [469.6, 310.6, 0.436], [397.4, 368.1, 0.268], [408.1, 361.7, 0.4], [486.4, 516.6, 0.383], [380.6, 400.9, 0.502], [495.2, 565.4, 0.239], [501.5, 566.7, 0.267], [515.8, 709.1, 0.108], [516.8, 709.6, 0.171], [597.7, 895.7, 0.076], [580.1, 892.4, 0.103]]",
213215,The Returning,1983,0,,,,,,
214905,Below the Deadline,1936,18,0.9455,0.0925,0.752,"[200.8, 178.6, 425.5, 369.9]","[[365.1, 184.2, 0.992], [366.9, 172.9, 0.953], [360.1, 176.4, 0.941], [391.4, 152.6, 0.912], [378.7, 160.2, 0.64], [458.1, 169.9, 0.928], [402.9, 208.6, 0.783], [467.1, 265.7, 1.011], [386.8, 279.0, 0.829], [420.9, 341.7, 1.018], [393.5, 333.9, 0.919], [476.8, 339.4, 0.706], [440.6, 344.4, 0.599], [467.6, 442.5, 0.353], [397.6, 391.2, 0.45], [469.3, 493.5, 0.416], [399.8, 500.9, 0.337]]",
224473,The Sweet Sound of Death,1965,2,0.2267,0.004,0.565,"[283.7, 146.7, 445.0, 707.8]","[[461.0, 220.0, 0.589], [461.0, 208.5, 0.608], [462.5, 211.8, 0.616], [463.9, 209.0, 0.66], [472.9, 200.8, 0.644], [484.3, 250.4, 0.502], [484.8, 241.5, 0.534], [433.1, 218.1, 0.614], [430.6, 219.6, 0.601], [456.0, 232.2, 0.431], [453.3, 234.2, 0.34], [479.3, 378.6, 0.557], [481.4, 377.2, 0.617], [480.5, 481.6, 0.571], [482.0, 482.8, 0.649], [467.8, 578.0, 0.573], [468.7, 578.9, 0.503]]",
249294,Celia: The Sinister Affair of Poor Aunt Nora,1949,2,0.6929,0.0045,0.454,"[38.8, 97.6, 491.4, 729.9]","[[238.2, 310.8, 0.98], [284.5, 265.2, 0.968], [200.9, 263.6, 0.994], [339.3, 285.8, 0.896], [145.5, 275.6, 0.895], [443.0, 492.0, 0.553], [55.6, 507.8, 0.71], [468.9, 708.6, 0.589], [42.6, 728.7, 0.557], [404.0, 714.9, 0.036], [28.7, 317.8, 0.145], [379.3, 742.1, 0.138], [167.3, 742.9, 0.105], [427.9, 491.8, 0.054], [67.6, 545.8, 0.018], [245.7, 680.4, 0.026], [138.2, 682.4, 0.053]]",
267338,"Love, Honor and Oh-Baby!",1940,9,0.2911,0.2618,0.493,"[0.0, 142.4, 499.4, 749.0]","[[134.0, 247.0, 0.919], [136.8, 225.9, 0.915], [97.6, 231.3, 0.941], [155.4, 234.7, 0.491], [47.9, 261.1, 0.96], [191.4, 335.8, 0.73], [41.4, 394.7, 0.573], [315.3, 433.4, 0.443], [45.6, 554.0, 0.217], [446.2, 443.7, 0.491], [239.4, 420.5, 0.301], [258.0, 579.5, 0.253], [125.0, 622.3, 0.274], [405.0, 607.5, 0.286], [374.3, 638.7, 0.213], [430.6, 734.7, 0.262], [390.7, 740.5, 0.111]]",
280002,The Remaining,2014,5,0.1785,0.018,0.359,"[254.9, 421.4, 459.8, 725.5]","[[481.0, 417.8, 0.595], [486.4, 402.6, 0.484], [476.9, 403.6, 0.485], [496.6, 437.1, 0.263], [478.4, 442.8, 0.105], [490.4, 537.6, 0.47], [489.5, 529.1, 0.446], [457.0, 620.2, 0.537], [456.4, 612.9, 0.499], [454.3, 631.1, 0.351], [459.0, 624.0, 0.344], [475.9, 710.8, 0.334], [475.6, 705.3, 0.415], [443.5, 725.2, 0.24], [463.3, 718.9, 0.178], [455.6, 715.4, 0.169], [452.4, 709.2, 0.185]]",
294307,The Last Hit,1993,2,0.3862,0.1286,0.409,"[162.3, 88.0, 426.6, 483.6]","[[281.7, 266.2, 0.929], [318.7, 224.9, 0.983], [255.3, 228.4, 0.954], [370.2, 231.9, 0.919], [226.9, 225.7, 0.759], [412.0, 377.4, 0.49], [237.9, 362.2, 0.301], [396.9, 583.6, 0.212], [241.6, 575.1, 0.148], [279.4, 443.0, 0.583], [239.0, 417.5, 0.225], [403.3, 680.6, 0.087], [295.3, 691.7, 0.11], [334.2, 602.9, 0.062], [243.1, 664.5, 0.062], [394.0, 691.0, 0.068], [352.6, 691.3, 0.062]]",
299460,The Mother  Tree,1958,2,0.0067,0.02,0.253,"[233.9, 428.9, 466.8, 708.8]","[[277.8, 488.2, 0.16], [410.4, 620.3, 0.157], [276.3, 664.7, 0.19], [476.9, 677.9, 0.103], [271.0, 679.1, 0.217], [329.1, 705.6, 0.171], [341.7, 697.3, 0.139], [447.0, 684.8, 0.43], [447.7, 679.5, 0.465], [407.7, 684.6, 0.433], [417.3, 686.1, 0.346], [444.7, 692.0, 0.295], [433.1, 690.5, 0.332], [340.2, 704.0, 0.294], [331.4, 711.3, 0.222], [433.3, 680.3, 0.199], [355.8, 698.2, 0.151]]",
324153,The Shadow Laughs,1933,2,1.0007,0.2082,0.609,"[32.1, 426.2, 289.2, 747.2]","[[325.2, 520.2, 0.662], [338.8, 511.6, 0.764], [312.5, 508.5, 0.688], [351.6, 521.4, 0.724], [115.6, 482.9, 0.617], [364.9, 578.9, 0.72], [261.6, 579.8, 0.666], [402.0, 637.7, 0.761], [246.7, 652.0, 0.468], [364.8, 660.3, 0.645], [72.9, 623.3, 0.685], [312.4, 698.1, 0.386], [119.0, 669.6, 0.324], [247.6, 696.6, 0.653], [254.8, 691.6, 0.736], [139.0, 733.9, 0.613], [141.3, 739.2, 0.247]]",
324621,The Return,1980,0,,,,,,
325622,The Hound of the Baskervilles,1921,5,0.2891,0.004,0.78,"[262.1, 133.1, 500.0, 748.5]","[[402.2, 227.8, 1.059], [412.6, 215.6, 0.974], [401.9, 212.9, 0.971], [447.0, 218.0, 0.913], [433.5, 220.0, 0.563], [479.9, 288.0, 0.864], [446.7, 289.1, 0.844], [474.5, 411.9, 0.74], [430.8, 403.5, 0.784], [433.9, 492.8, 0.718], [408.9, 484.7, 0.927], [470.1, 498.5, 0.814], [443.3, 497.7, 0.672], [481.5, 639.6, 0.638], [465.1, 639.2, 0.664], [484.0, 728.8, 0.575], [475.1, 727.3, 0.537]]",
340758,Never Mention Murder,1965,9,1.5427,0.0721,0.446,"[200.7, 61.3, 354.9, 391.3]","[[463.5, 216.1, 0.671], [274.7, 133.2, 0.599], [455.2, 197.4, 0.688], [301.8, 129.5, 0.946], [400.9, 196.5, 0.497], [273.2, 225.6, 0.801], [366.3, 243.4, 0.356], [240.1, 364.4, 0.949], [439.5, 385.9, 0.498], [204.6, 322.5, 0.302], [422.0, 331.7, 0.156], [288.8, 421.1, 0.43], [365.7, 432.7, 0.351], [227.1, 412.6, 0.103], [330.8, 557.2, 0.095], [252.4, 509.0, 0.065], [397.9, 510.7, 0.073]]",
361975,The Hoop of Bermuda,1988,1,0.661,0.0141,0.721,"[90.5, 250.0, 415.6, 749.8]","[[244.0, 352.3, 0.96], [260.9, 333.2, 1.018], [226.8, 332.0, 0.952], [287.3, 341.2, 0.931], [199.8, 342.4, 1.005], [342.2, 453.4, 0.964], [147.7, 451.0, 0.946], [376.4, 588.4, 0.909], [110.0, 615.0, 0.772], [381.7, 646.4, 0.718], [153.1, 684.4, 0.558], [313.9, 726.8, 0.969], [184.0, 727.3, 0.927], [355.0, 728.5, 0.113], [140.2, 718.7, 0.298], [369.3, 724.9, 0.088], [156.5, 716.4, 0.128]]",
382290,M・Y・F・A・C・E,2005,0,,,,,,
440871,Ghost Valley Raiders,1940,6,0.3686,0.0202,0.591,"[169.5, 200.3, 469.4, 742.6]","[[405.9, 301.4, 0.976], [422.1, 287.9, 0.962], [405.3, 285.3, 0.942], [462.4, 298.8, 0.951], [405.9, 287.5, 0.595], [480.0, 371.5, 0.756], [403.3, 362.3, 0.763], [448.1, 480.7, 0.466], [374.0, 459.6, 0.392], [423.6, 597.5, 0.339], [363.8, 541.9, 0.242], [455.3, 551.5, 0.543], [386.4, 539.2, 0.587], [390.3, 695.6, 0.483], [347.3, 697.2, 0.314], [369.7, 737.1, 0.445], [461.3, 707.3, 0.286]]",
444713,Commando 2 - The Black Money Trail,2017,1,0.7446,0.0343,0.948,"[168.0, 146.3, 363.4, 706.8]","[[258.1, 206.1, 0.999], [266.6, 194.1, 0.996], [245.3, 196.6, 1.035], [279.1, 195.4, 0.961], [219.5, 199.9, 1.012], [311.3, 261.0, 1.006], [197.6, 256.9, 0.939], [341.5, 348.0, 0.96], [178.9, 321.0, 0.899], [323.3, 425.8, 0.947], [166.2, 393.8, 0.999], [298.6, 408.9, 0.957], [228.2, 405.0, 0.93], [292.8, 529.8, 1.034], [225.1, 520.6, 0.986], [238.5, 575.0, 0.565], [225.3, 659.3, 0.9]]",
453424,Dr. Masher,1969,5,1.0728,0.1866,0.429,"[149.7, 605.8, 341.2, 744.7]","[[240.1, 673.0, 0.97], [260.8, 651.7, 0.907], [217.0, 655.6, 0.999], [291.7, 670.2, 0.854], [191.7, 681.9, 0.911], [316.9, 758.0, 0.545], [169.7, 765.5, 0.562], [430.6, 732.2, 0.089], [158.0, 906.0, 0.072], [420.6, 746.9, 0.39], [118.4, 743.2, 0.204], [327.0, 1057.8, 0.167], [245.8, 1063.1, 0.103], [322.1, 1132.3, 0.135], [253.4, 1147.0, 0.134], [321.8, 1254.7, 0.103], [271.6, 1250.9, 0.146]]",
459420,The Four Just Men,1921,8,1.8809,0.1292,0.584,"[61.9, 282.1, 172.1, 562.4]","[[151.8, 321.7, 0.886], [155.9, 315.5, 0.869], [148.3, 311.4, 0.863], [131.9, 307.9, 0.682], [133.0, 308.7, 0.916], [97.6, 334.9, 0.533], [121.8, 337.5, 0.828], [184.1, 370.5, 0.318], [114.2, 379.9, 0.651], [225.8, 377.3, 0.557], [145.4, 421.4, 0.59], [77.0, 449.7, 0.534], [93.9, 452.7, 0.491], [86.7, 599.3, 0.255], [101.6, 597.0, 0.348], [94.5, 697.4, 0.276], [111.3, 698.5, 0.336]]",
482337,Benaam,1999,6,0.7607,0.0369,0.937,"[0.0, 94.7, 243.2, 718.0]","[[86.3, 162.7, 0.991], [94.7, 148.0, 0.991], [69.6, 151.9, 0.98], [107.9, 151.0, 0.967], [44.6, 162.6, 1.001], [158.6, 210.9, 0.913], [25.2, 241.0, 0.947], [217.7, 280.0, 0.951], [12.2, 341.1, 0.94], [150.1, 313.5, 0.897], [32.9, 421.8, 0.977], [167.3, 398.6, 0.87], [78.4, 411.6, 0.87], [228.0, 513.2, 0.952], [30.6, 544.6, 0.962], [229.7, 644.2, 0.786], [54.2, 678.5, 0.943]]",
483586,Rites of Blood,2004,0,,,,,,
510733,The Ghost Breaker,1922,3,0.3184,0.0304,0.42,"[17.9, 365.6, 253.1, 711.2]","[[169.0, 482.8, 0.503], [164.4, 474.6, 0.497], [152.2, 474.3, 0.617], [176.9, 489.6, 0.435], [117.3, 490.9, 0.623], [187.9, 546.5, 0.548], [106.9, 547.3, 0.648], [188.0, 607.2, 0.368], [83.4, 596.0, 0.435], [123.9, 616.3, 0.543], [84.0, 607.7, 0.305], [189.2, 669.3, 0.323], [96.2, 665.8, 0.287], [310.2, 695.8, 0.203], [327.0, 700.4, 0.162], [82.6, 683.2, 0.274], [68.6, 688.9, 0.368]]",
517574,Doombeach,1989,0,,,,,,
535249,Our Correspondent,1959,2,0.8505,0.0115,0.514,"[18.6, 0.0, 338.2, 653.0]","[[270.0, 100.0, 0.997], [285.5, 77.2, 0.998], [246.0, 71.1, 0.991], [297.7, 80.5, 0.588], [183.4, 67.3, 0.923], [315.8, 209.9, 0.594], [79.1, 239.3, 0.865], [371.5, 341.9, 0.518], [72.3, 478.2, 0.463], [417.5, 318.9, 0.435], [164.1, 570.6, 0.252], [313.1, 545.7, 0.36], [162.2, 581.4, 0.404], [285.1, 733.1, 0.114], [151.0, 740.7, 0.101], [284.9, 741.1, 0.059], [143.1, 741.1, 0.072]]",
539980,Maigret at the Minister,1987,2,0.8333,0.0436,0.473,"[189.5, 256.1, 498.7, 627.9]","[[290.2, 405.7, 0.965], [336.2, 383.6, 0.939], [287.8, 370.8, 0.991], [426.2, 414.5, 0.944], [274.0, 365.6, 0.56], [482.5, 518.7, 0.55], [226.6, 471.2, 0.745], [471.4, 707.4, 0.325], [184.1, 619.8, 0.297], [464.3, 558.8, 0.351], [331.0, 560.5, 0.082], [444.2, 740.0, 0.486], [263.3, 739.7, 0.419], [178.8, 593.0, 0.045], [194.3, 594.5, 0.217], [310.0, 712.1, 0.057], [304.9, 695.4, 0.062]]",
547231,Pizza Hunt,2003,1,0.6774,0.0083,0.906,"[17.9, 154.7, 163.5, 531.0]","[[110.9, 192.3, 0.737], [94.0, 184.6, 0.587], [113.1, 184.8, 0.805], [73.5, 186.3, 0.944], [111.8, 187.8, 0.934], [53.7, 227.9, 0.945], [122.0, 226.8, 0.988], [33.7, 290.1, 1.029], [138.7, 287.8, 0.971], [35.0, 343.8, 0.942], [150.6, 343.8, 0.947], [62.4, 345.4, 0.867], [110.1, 342.7, 0.862], [56.8, 420.1, 0.887], [119.0, 423.8, 0.981], [44.3, 501.7, 0.959], [127.3, 502.2, 1.01]]",
548084,The Perfect Murder,1992,0,,,,,,
630737,2099: The Soldier Protocol,2019,1,0.6123,0.0068,0.526,"[0.0, 38.2, 486.6, 716.1]","[[245.8, 206.4, 0.974], [274.4, 173.7, 0.987], [219.2, 173.2, 0.992], [320.2, 171.2, 0.918], [186.8, 175.3, 0.899], [421.0, 325.7, 0.688], [87.3, 325.3, 0.631], [514.4, 331.6, 0.237], [10.8, 535.7, 0.2], [432.0, 226.2, 0.707], [60.2, 228.9, 0.491], [366.7, 708.6, 0.459], [132.8, 714.4, 0.496], [451.8, 590.2, 0.052], [43.2, 587.0, 0.043], [429.9, 234.1, 0.079], [67.4, 217.4, 0.096]]",
633786,Faulty Father,2019,1,0.8006,0.0568,0.434,"[8.1, 299.2, 494.5, 744.1]","[[284.0, 497.0, 0.964], [314.6, 456.9, 0.983], [241.4, 456.9, 0.989], [342.5, 470.8, 0.879], [180.2, 473.0, 0.972], [441.8, 662.3, 0.825], [79.8, 678.6, 0.809], [492.7, 857.6, 0.176], [40.9, 889.0, 0.3], [430.1, 1010.8, 0.025], [110.2, 1058.5, 0.044], [385.9, 1080.4, 0.141], [153.7, 1086.2, 0.138], [461.0, 698.8, 0.069], [72.4, 676.2, 0.036], [412.4, 745.0, 0.009], [456.1, 592.8, 0.015]]",
651517,Riverdead,2007,0,,,,,,
668985,Who Killed Eve?,1934,4,0.1188,0.0083,0.593,"[0.4, 339.3, 383.6, 749.3]","[[66.4, 728.3, 0.845], [61.5, 728.4, 0.768], [58.1, 729.6, 0.81], [62.2, 728.7, 0.74], [65.1, 737.4, 0.701], [104.1, 730.9, 0.554], [118.1, 738.6, 0.593], [231.7, 731.0, 0.791], [229.1, 731.3, 0.922], [321.3, 712.9, 0.655], [322.4, 714.8, 0.818], [218.5, 671.5, 0.559], [219.6, 677.2, 0.485], [93.5, 668.3, 0.134], [315.3, 666.1, 0.119], [336.4, 713.9, 0.339], [333.5, 713.1, 0.249]]",
747083,Noite de Lamentações (Night of Wails),2020,0,,,,,,
752825,The Demon,1970,0,,,,,,
752851,Case of a Young Lord 7: Red Crane House,1958,3,0.8303,0.0889,0.45,"[211.6, 226.4, 450.6, 748.7]","[[373.3, 376.9, 0.87], [401.7, 352.0, 0.941], [350.9, 336.2, 0.887], [422.9, 364.0, 0.778], [305.1, 340.6, 0.766], [413.1, 520.3, 0.759], [227.2, 472.7, 0.355], [390.3, 715.4, 0.519], [237.7, 297.8, 0.185], [286.4, 575.7, 0.377], [349.9, 185.9, 0.448], [356.0, 749.6, 0.214], [253.4, 734.3, 0.222], [459.3, 717.1, 0.079], [448.4, 638.7, 0.07], [348.4, 701.6, 0.089], [460.4, 700.3, 0.084]]",
781001,That,2012,0,,,,,,
789473,The Mysterious Mr. Hyde,1964,2,0.4906,0.0684,0.63,"[93.2, 488.3, 331.9, 729.5]","[[228.3, 569.7, 0.859], [241.6, 558.6, 0.927], [218.8, 556.3, 0.953], [258.0, 558.4, 0.842], [203.5, 551.8, 0.89], [285.7, 599.2, 0.723], [167.7, 597.9, 0.901], [293.2, 682.0, 0.733], [137.6, 683.4, 0.622], [271.2, 707.3, 0.535], [136.5, 720.1, 0.428], [259.8, 728.7, 0.765], [185.3, 732.0, 0.659], [279.4, 709.2, 0.656], [276.6, 700.6, 0.143], [398.8, 704.2, 0.023], [227.5, 714.6, 0.047]]",
795813,I'm Your Man,2021,3,0.5793,0.2338,0.518,"[0.0, 379.3, 495.3, 745.5]","[[336.9, 413.7, 0.907], [371.3, 420.9, 0.966], [346.3, 406.8, 0.827], [396.2, 489.6, 0.988], [298.6, 437.5, 0.589], [339.4, 568.5, 0.834], [234.4, 498.4, 0.54], [494.6, 562.6, 0.795], [67.2, 540.4, 0.316], [486.5, 506.1, 0.083], [24.6, 539.1, 0.398], [53.4, 623.9, 0.687], [10.5, 567.3, 0.712], [-2.8, 732.2, 0.091], [38.6, 605.7, 0.018], [-9.1, 724.6, 0.027], [-1.8, 716.7, 0.024]]",
872243,Darkman,1992,1,0.63,0.0222,0.62,"[82.5, 412.0, 370.8, 759.5]","[[267.8, 498.9, 0.958], [280.0, 480.7, 0.979], [251.2, 482.9, 0.969], [293.5, 489.5, 0.943], [218.9, 491.7, 0.924], [304.8, 577.3, 0.92], [169.9, 588.7, 0.848], [339.1, 694.9, 0.876], [130.5, 711.6, 0.734], [350.0, 756.4, 0.747], [123.7, 755.9, 0.228], [299.8, 765.9, 0.532], [190.1, 768.2, 0.522], [310.9, 950.8, 0.107], [210.0, 974.2, 0.087], [302.0, 1077.4, 0.075], [223.6, 1068.9, 0.086]]",
921652,Body of Ashes,2022,1,0.6903,0.0068,0.514,"[4.3, 55.1, 496.2, 750.0]","[[241.9, 246.4, 0.931], [279.9, 209.5, 0.999], [207.1, 209.9, 0.975], [327.4, 231.9, 0.982], [157.3, 236.2, 0.979], [464.6, 468.8, 0.869], [36.5, 473.6, 0.819], [474.5, 729.6, 0.827], [21.7, 730.6, 0.793], [363.8, 730.5, 0.078], [152.9, 722.3, 0.079], [358.9, 758.6, 0.135], [135.3, 758.6, 0.104], [276.2, 696.7, 0.02], [198.4, 692.6, 0.015], [345.0, 718.4, 0.057], [161.6, 708.4, 0.074]]",
929912,Droga Digitale,2022,1,0.7101,0.0402,0.572,"[0.5, 0.0, 495.4, 743.0]","[[244.1, 165.8, 0.931], [289.1, 140.0, 0.971], [208.9, 126.7, 0.941], [339.1, 175.6, 0.953], [145.3, 155.6, 0.984], [438.9, 413.1, 0.775], [53.8, 339.5, 0.802], [466.8, 683.5, 0.578], [37.4, 483.8, 0.434], [425.3, 731.9, 0.059], [119.6, 343.1, 0.795], [365.8, 734.8, 0.553], [142.3, 731.9, 0.712], [29.6, 695.1, 0.033], [6.6, 694.4, 0.079], [67.9, 700.0, 0.067], [138.4, 718.6, 0.062]]",
938049,Donor,2021,0,,,,,,
990167,Dead Pigeon on Beethoven Street,1972,3,0.4403,0.0172,0.804,"[0.0, 245.4, 493.7, 583.0]","[[63.6, 418.5, 0.95], [55.4, 405.1, 0.962], [51.9, 425.5, 1.012], [68.4, 391.2, 0.966], [54.8, 444.6, 0.898], [133.5, 381.4, 0.896], [103.4, 465.1, 0.919], [226.0, 407.6, 0.754], [177.9, 484.2, 0.596], [231.3, 476.4, 0.883], [162.2, 425.1, 0.944], [265.2, 455.5, 0.523], [249.1, 495.6, 0.679], [335.7, 497.0, 0.72], [335.3, 512.0, 0.675], [460.3, 550.0, 0.588], [465.3, 558.9, 0.699]]",
1013699,The Shining Pyramid,1979,0,,,,,,
1068455,All That You Love Will Be Carried Away,2019,0,,,,,,
1075682,Three Silhouettes in Black,1985,0,,,,,,
1114351,Actual Record! Real Horror Posted Video 31,2016,0,,,,,,
1156131,두번째 상봉,1967,2,0.4677,0.0662,0.692,"[70.6, 356.7, 320.8, 730.7]","[[182.7, 446.7, 0.976], [194.4, 429.9, 0.983], [168.3, 434.2, 0.968], [219.3, 432.1, 0.968], [153.2, 440.8, 1.017], [263.7, 503.3, 0.906], [146.2, 511.1, 0.982], [251.6, 603.3, 0.867], [107.3, 588.8, 0.568], [146.3, 595.6, 0.979], [106.4, 611.5, 0.491], [227.3, 705.0, 0.789], [152.0, 708.0, 0.776], [209.9, 757.5, 0.161], [99.5, 742.0, 0.168], [126.4, 735.6, 0.063], [110.6, 747.4, 0.107]]",
1225036,Ha Khel Savlyancha,1976,3,0.3626,,0.359,"[37.4, 300.1, 496.1, 749.0]","[[231.0, 523.3, 0.948], [325.1, 524.3, 0.974], [255.1, 453.8, 0.972], [428.6, 613.1, 0.781], [238.0, 435.5, 0.718], [323.0, 745.5, 0.22], [118.5, 676.3, 0.706], [381.1, 715.1, 0.021], [22.8, 711.6, 0.168], [32.1, 723.2, 0.083], [21.9, 716.6, 0.198], [37.2, 705.8, 0.011], [26.0, 705.0, 0.016], [140.3, 710.4, 0.059], [118.0, 687.7, 0.077], [43.2, 707.4, 0.081], [123.4, 688.1, 0.074]]",
1487521,Conserva,2025,0,,,,,,
1494221,Sticks and Stones: Investigating the Blair Witch,1999,0,,,,,,
1577810,Pandora's Box,2025,1,0.6339,0.2471,0.48,"[7.0, 319.1, 497.1, 745.2]","[[277.9, 439.1, 1.009], [317.2, 412.5, 0.937], [257.1, 412.1, 0.99], [379.9, 444.7, 0.908], [235.2, 442.9, 0.918], [476.6, 639.4, 0.769], [155.5, 630.2, 0.882], [514.1, 848.0, 0.166], [49.6, 714.0, 0.34], [474.5, 1024.8, 0.009], [38.2, 530.1, 0.81], [388.0, 1087.1, 0.131], [171.8, 1066.4, 0.167], [455.6, 1138.0, 0.011], [53.9, 673.2, 0.085], [95.8, 603.3, 0.012], [94.3, 603.5, 0.017]]",
1615804,The Big Scoop: Challenge at Twilight,1959,5,0.7691,0.139,0.667,"[97.6, 130.0, 496.9, 642.0]","[[275.3, 284.7, 0.966], [304.2, 257.7, 0.968], [268.0, 253.1, 0.925], [394.6, 256.1, 0.966], [265.0, 238.2, 0.604], [476.8, 350.7, 0.846], [261.7, 341.7, 0.842], [485.7, 577.9, 0.841], [136.3, 518.1, 0.799], [354.7, 445.8, 0.897], [190.7, 438.5, 0.952], [451.0, 688.3, 0.718], [315.0, 664.1, 0.603], [264.3, 686.7, 0.046], [144.8, 698.4, 0.223], [246.6, 731.7, 0.075], [269.1, 734.7, 0.076]]",
1634691,Little Signs,2026,1,0.538,0.0396,0.698,"[37.8, 337.1, 129.0, 483.3]","[[94.4, 365.2, 0.879], [92.6, 358.0, 0.779], [92.0, 358.1, 0.886], [68.8, 352.3, 0.842], [84.4, 357.1, 0.885], [61.5, 377.5, 0.849], [73.8, 380.0, 0.949], [67.8, 432.9, 0.721], [65.9, 440.5, 0.764], [86.8, 454.2, 0.684], [97.5, 458.5, 0.858], [52.4, 466.4, 0.944], [65.4, 471.3, 0.788], [104.5, 463.4, 0.333], [112.6, 465.0, 0.335], [105.1, 473.3, 0.203], [110.0, 476.4, 0.162]]",
1638974,Fools in the Dark,1924,2,0.3768,0.1208,0.427,"[148.9, 366.0, 355.7, 546.0]","[[352.1, 474.5, 0.976], [373.6, 457.6, 0.945], [344.9, 455.4, 0.992], [412.8, 467.2, 0.863], [336.9, 457.4, 0.773], [467.1, 538.9, 0.909], [312.3, 546.0, 0.819], [478.1, 663.6, 0.233], [270.5, 653.9, 0.144], [458.5, 537.9, 0.12], [296.4, 546.9, 0.063], [425.7, 769.1, 0.158], [313.3, 778.1, 0.15], [394.7, 854.0, 0.022], [291.9, 829.8, 0.028], [125.0, 653.2, 0.011], [284.9, 841.5, 0.051]]",
1700685,This is Not an Exit,2025,0,,,,,,
